Job Title,Company,Location
Infrastructure Engineer,RemoteStar,"Bengaluru, Karnataka"
SDE-1 (FTC),ADCI – Karnataka,"Remote in Bengaluru, Karnataka"
Senior Product Manager – Credit,Jupiter,"Bengaluru, Karnataka"
Software Development Engineer II,ADCI – Karnataka,"Remote in Bengaluru, Karnataka"
Software Engineer,Firstsource Healthcare,"Remote in Mumbai, Maharashtra"
Software Engineer – Mid Level,Puffin Technologies Pvt Ltd,Remote
Software Engineer – Frontend,Skyflow,Remote
Backend Engineer (NodeJS),Nexifyr Consulting Pvt Ltd,"Remote in Bengaluru, Karnataka"
Principal Software Engineer,Kiash Solutions LLP,Remote
Software Engineer,Capgemini Engineering,"Bengaluru, Karnataka"
